{
"lengthUnit": "mil",
"components": {
	"fields": ["COMPONENT_NO", "COMPONENT_NAME", "LAYER", "X_COORDINATE", "Y_COORDINATE", "ANGLE"],
	"rows": [
		[1, "H1", "T", 1771.65, -102.36, 180],
		[2, "H2", "T", 1771.65, -1102.36, 180],
		[3, "H3", "T", 314.96, -762.99, 270],
		[4, "H4", "T", 1185, -1745, 0],
		[5, "H5", "T", 2555, -1805, 180],
		[6, "H6", "T", 3228.35, -870, 270],
		[7, "Q1", "T", 770, -1910, 180],
		[8, "R1", "T", 1522.53, -1710, 0],
		[9, "R2", "T", 1522.53, -1950, 0],
		[10, "SW1", "T", 1880, -1710, 0],
		[11, "SW2", "T", 1880, -1950, 0]
	]
},
"pins": {
	"fields": ["PIN_NO", "PIN_NAME", "PIN_X", "PIN_Y", "LAYER", "PIN_TYPE", "NET_NAME", "NET_TYPE", "PAD_SHAPE", "PAD_SIZEX", "PAD_SIZEY", "HOLE_SIZE", "PAD_ANGLE"],
	"rows": [
		[1, "H1_1", 2471.65, -102.36, "T", "DIP", "EN", "", "R", 62.99, 62, 39.37, 180],
		[2, "H1_1", 2471.65, -102.36, "B", "DIP", "EN", "", "R", 62.99, 62, 39.37, 180],
		[3, "H1_2", 2371.65, -102.36, "T", "DIP", "VP", "", "C", 62.99, 62.99, 39.37, 180],
		[4, "H1_2", 2371.65, -102.36, "B", "DIP", "VP", "", "C", 62.99, 62.99, 39.37, 180],
		[5, "H1_3", 2271.65, -102.36, "T", "DIP", "VN", "", "C", 62.99, 62.99, 39.37, 180],
		[6, "H1_3", 2271.65, -102.36, "B", "DIP", "VN", "", "C", 62.99, 62.99, 39.37, 180],
		[7, "H1_4", 2171.65, -102.36, "T", "DIP", "D34", "", "C", 62.99, 62.99, 39.37, 180],
		[8, "H1_4", 2171.65, -102.36, "B", "DIP", "D34", "", "C", 62.99, 62.99, 39.37, 180],
		[9, "H1_5", 2071.65, -102.36, "T", "DIP", "D35", "", "C", 62.99, 62.99, 39.37, 180],
		[10, "H1_5", 2071.65, -102.36, "B", "DIP", "D35", "", "C", 62.99, 62.99, 39.37, 180],
		[11, "H1_6", 1971.65, -102.36, "T", "DIP", "D32", "", "C", 62.99, 62.99, 39.37, 180],
		[12, "H1_6", 1971.65, -102.36, "B", "DIP", "D32", "", "C", 62.99, 62.99, 39.37, 180],
		[13, "H1_7", 1871.65, -102.36, "T", "DIP", "D33", "", "C", 62.99, 62.99, 39.37, 180],
		[14, "H1_7", 1871.65, -102.36, "B", "DIP", "D33", "", "C", 62.99, 62.99, 39.37, 180],
		[15, "H1_8", 1771.65, -102.36, "T", "DIP", "D25", "", "C", 62.99, 62.99, 39.37, 180],
		[16, "H1_8", 1771.65, -102.36, "B", "DIP", "D25", "", "C", 62.99, 62.99, 39.37, 180],
		[17, "H1_9", 1671.65, -102.36, "T", "DIP", "D26", "", "C", 62.99, 62.99, 39.37, 180],
		[18, "H1_9", 1671.65, -102.36, "B", "DIP", "D26", "", "C", 62.99, 62.99, 39.37, 180],
		[19, "H1_10", 1571.65, -102.36, "T", "DIP", "D27", "", "C", 62.99, 62.99, 39.37, 180],
		[20, "H1_10", 1571.65, -102.36, "B", "DIP", "D27", "", "C", 62.99, 62.99, 39.37, 180],
		[21, "H1_11", 1471.65, -102.36, "T", "DIP", "D14", "", "C", 62.99, 62.99, 39.37, 180],
		[22, "H1_11", 1471.65, -102.36, "B", "DIP", "D14", "", "C", 62.99, 62.99, 39.37, 180],
		[23, "H1_12", 1371.65, -102.36, "T", "DIP", "D12", "", "C", 62.99, 62.99, 39.37, 180],
		[24, "H1_12", 1371.65, -102.36, "B", "DIP", "D12", "", "C", 62.99, 62.99, 39.37, 180],
		[25, "H1_13", 1271.65, -102.36, "T", "DIP", "D13", "", "C", 62.99, 62.99, 39.37, 180],
		[26, "H1_13", 1271.65, -102.36, "B", "DIP", "D13", "", "C", 62.99, 62.99, 39.37, 180],
		[27, "H1_14", 1171.65, -102.36, "T", "DIP", "GND", "GND", "C", 62.99, 62.99, 39.37, 180],
		[28, "H1_14", 1171.65, -102.36, "B", "DIP", "GND", "GND", "C", 62.99, 62.99, 39.37, 180],
		[29, "H1_15", 1071.65, -102.36, "T", "DIP", "VIN", "", "C", 62.99, 62.99, 39.37, 180],
		[30, "H1_15", 1071.65, -102.36, "B", "DIP", "VIN", "", "C", 62.99, 62.99, 39.37, 180],
		[31, "H2_1", 2471.65, -1102.36, "T", "DIP", "D23", "", "R", 62.99, 62, 39.37, 180],
		[32, "H2_1", 2471.65, -1102.36, "B", "DIP", "D23", "", "R", 62.99, 62, 39.37, 180],
		[33, "H2_2", 2371.65, -1102.36, "T", "DIP", "D22", "", "C", 62.99, 62.99, 39.37, 180],
		[34, "H2_2", 2371.65, -1102.36, "B", "DIP", "D22", "", "C", 62.99, 62.99, 39.37, 180],
		[35, "H2_3", 2271.65, -1102.36, "T", "DIP", "TX0", "", "C", 62.99, 62.99, 39.37, 180],
		[36, "H2_3", 2271.65, -1102.36, "B", "DIP", "TX0", "", "C", 62.99, 62.99, 39.37, 180],
		[37, "H2_4", 2171.65, -1102.36, "T", "DIP", "RX0", "", "C", 62.99, 62.99, 39.37, 180],
		[38, "H2_4", 2171.65, -1102.36, "B", "DIP", "RX0", "", "C", 62.99, 62.99, 39.37, 180],
		[39, "H2_5", 2071.65, -1102.36, "T", "DIP", "D21", "", "C", 62.99, 62.99, 39.37, 180],
		[40, "H2_5", 2071.65, -1102.36, "B", "DIP", "D21", "", "C", 62.99, 62.99, 39.37, 180],
		[41, "H2_6", 1971.65, -1102.36, "T", "DIP", "D19", "", "C", 62.99, 62.99, 39.37, 180],
		[42, "H2_6", 1971.65, -1102.36, "B", "DIP", "D19", "", "C", 62.99, 62.99, 39.37, 180],
		[43, "H2_7", 1871.65, -1102.36, "T", "DIP", "D18", "", "C", 62.99, 62.99, 39.37, 180],
		[44, "H2_7", 1871.65, -1102.36, "B", "DIP", "D18", "", "C", 62.99, 62.99, 39.37, 180],
		[45, "H2_8", 1771.65, -1102.36, "T", "DIP", "D5", "", "C", 62.99, 62.99, 39.37, 180],
		[46, "H2_8", 1771.65, -1102.36, "B", "DIP", "D5", "", "C", 62.99, 62.99, 39.37, 180],
		[47, "H2_9", 1671.65, -1102.36, "T", "DIP", "TX2", "", "C", 62.99, 62.99, 39.37, 180],
		[48, "H2_9", 1671.65, -1102.36, "B", "DIP", "TX2", "", "C", 62.99, 62.99, 39.37, 180],
		[49, "H2_10", 1571.65, -1102.36, "T", "DIP", "RX2", "", "C", 62.99, 62.99, 39.37, 180],
		[50, "H2_10", 1571.65, -1102.36, "B", "DIP", "RX2", "", "C", 62.99, 62.99, 39.37, 180],
		[51, "H2_11", 1471.65, -1102.36, "T", "DIP", "D4", "", "C", 62.99, 62.99, 39.37, 180],
		[52, "H2_11", 1471.65, -1102.36, "B", "DIP", "D4", "", "C", 62.99, 62.99, 39.37, 180],
		[53, "H2_12", 1371.65, -1102.36, "T", "DIP", "D2", "", "C", 62.99, 62.99, 39.37, 180],
		[54, "H2_12", 1371.65, -1102.36, "B", "DIP", "D2", "", "C", 62.99, 62.99, 39.37, 180],
		[55, "H2_13", 1271.65, -1102.36, "T", "DIP", "D15", "", "C", 62.99, 62.99, 39.37, 180],
		[56, "H2_13", 1271.65, -1102.36, "B", "DIP", "D15", "", "C", 62.99, 62.99, 39.37, 180],
		[57, "H2_14", 1171.65, -1102.36, "T", "DIP", "GND", "GND", "C", 62.99, 62.99, 39.37, 180],
		[58, "H2_14", 1171.65, -1102.36, "B", "DIP", "GND", "GND", "C", 62.99, 62.99, 39.37, 180],
		[59, "H2_15", 1071.65, -1102.36, "T", "DIP", "3V3", "", "C", 62.99, 62.99, 39.37, 180],
		[60, "H2_15", 1071.65, -1102.36, "B", "DIP", "3V3", "", "C", 62.99, 62.99, 39.37, 180],
		[61, "H3_1", 314.96, -112.99, "T", "DIP", "H3_1", "", "R", 66.93, 62, 43.31, 270],
		[62, "H3_1", 314.96, -112.99, "B", "DIP", "H3_1", "", "R", 66.93, 62, 43.31, 270],
		[63, "H3_2", 314.96, -212.99, "T", "DIP", "D19", "", "C", 66.93, 66.93, 43.31, 270],
		[64, "H3_2", 314.96, -212.99, "B", "DIP", "D19", "", "C", 66.93, 66.93, 43.31, 270],
		[65, "H3_3", 314.96, -312.99, "T", "DIP", "D23", "", "C", 66.93, 66.93, 43.31, 270],
		[66, "H3_3", 314.96, -312.99, "B", "DIP", "D23", "", "C", 66.93, 66.93, 43.31, 270],
		[67, "H3_4", 314.96, -412.99, "T", "DIP", "D21", "", "C", 66.93, 66.93, 43.31, 270],
		[68, "H3_4", 314.96, -412.99, "B", "DIP", "D21", "", "C", 66.93, 66.93, 43.31, 270],
		[69, "H3_5", 314.96, -512.99, "T", "DIP", "D18", "", "C", 66.93, 66.93, 43.31, 270],
		[70, "H3_5", 314.96, -512.99, "B", "DIP", "D18", "", "C", 66.93, 66.93, 43.31, 270],
		[71, "H3_6", 314.96, -612.99, "T", "DIP", "D19", "", "C", 66.93, 66.93, 43.31, 270],
		[72, "H3_6", 314.96, -612.99, "B", "DIP", "D19", "", "C", 66.93, 66.93, 43.31, 270],
		[73, "H3_7", 314.96, -712.99, "T", "DIP", "3V3", "", "C", 66.93, 66.93, 43.31, 270],
		[74, "H3_7", 314.96, -712.99, "B", "DIP", "3V3", "", "C", 66.93, 66.93, 43.31, 270],
		[75, "H3_8", 314.96, -812.99, "T", "DIP", "D18", "", "C", 66.93, 66.93, 43.31, 270],
		[76, "H3_8", 314.96, -812.99, "B", "DIP", "D18", "", "C", 66.93, 66.93, 43.31, 270],
		[77, "H3_9", 314.96, -912.99, "T", "DIP", "D23", "", "C", 66.93, 66.93, 43.31, 270],
		[78, "H3_9", 314.96, -912.99, "B", "DIP", "D23", "", "C", 66.93, 66.93, 43.31, 270],
		[79, "H3_10", 314.96, -1012.99, "T", "DIP", "D2", "", "C", 66.93, 66.93, 43.31, 270],
		[80, "H3_10", 314.96, -1012.99, "B", "DIP", "D2", "", "C", 66.93, 66.93, 43.31, 270],
		[81, "H3_11", 314.96, -1112.99, "T", "DIP", "D4", "", "C", 66.93, 66.93, 43.31, 270],
		[82, "H3_11", 314.96, -1112.99, "B", "DIP", "D4", "", "C", 66.93, 66.93, 43.31, 270],
		[83, "H3_12", 314.96, -1212.99, "T", "DIP", "D15", "", "C", 66.93, 66.93, 43.31, 270],
		[84, "H3_12", 314.96, -1212.99, "B", "DIP", "D15", "", "C", 66.93, 66.93, 43.31, 270],
		[85, "H3_13", 314.96, -1312.99, "T", "DIP", "GND", "GND", "C", 66.93, 66.93, 43.31, 270],
		[86, "H3_13", 314.96, -1312.99, "B", "DIP", "GND", "GND", "C", 66.93, 66.93, 43.31, 270],
		[87, "H3_14", 314.96, -1412.99, "T", "DIP", "3V3", "", "C", 66.93, 66.93, 43.31, 270],
		[88, "H3_14", 314.96, -1412.99, "B", "DIP", "3V3", "", "C", 66.93, 66.93, 43.31, 270],
		[89, "H4_1", 1185, -1795, "T", "DIP", "VIN", "", "R", 70.87, 70.87, 47.24, 0],
		[90, "H4_1", 1185, -1795, "B", "DIP", "VIN", "", "R", 70.87, 70.87, 47.24, 0],
		[91, "H4_2", 1185, -1695, "T", "DIP", "GND", "GND", "C", 70.87, 70.87, 47.24, 0],
		[92, "H4_2", 1185, -1695, "B", "DIP", "GND", "GND", "C", 70.87, 70.87, 47.24, 0],
		[93, "H5_1", 2805, -1805, "T", "DIP", "3V3", "", "R", 70.87, 70.87, 40.16, 180],
		[94, "H5_1", 2805, -1805, "B", "DIP", "3V3", "", "R", 70.87, 70.87, 40.16, 180],
		[95, "H5_2", 2705, -1805, "T", "DIP", "3V3", "", "C", 62.99, 62.99, 40.16, 180],
		[96, "H5_2", 2705, -1805, "B", "DIP", "3V3", "", "C", 62.99, 62.99, 40.16, 180],
		[97, "H5_3", 2605, -1805, "T", "DIP", "3V3", "", "C", 62.99, 62.99, 40.16, 180],
		[98, "H5_3", 2605, -1805, "B", "DIP", "3V3", "", "C", 62.99, 62.99, 40.16, 180],
		[99, "H5_4", 2505, -1805, "T", "DIP", "GND", "GND", "C", 62.99, 62.99, 40.16, 180],
		[100, "H5_4", 2505, -1805, "B", "DIP", "GND", "GND", "C", 62.99, 62.99, 40.16, 180],
		[101, "H5_5", 2405, -1805, "T", "DIP", "GND", "GND", "C", 62.99, 62.99, 40.16, 180],
		[102, "H5_5", 2405, -1805, "B", "DIP", "GND", "GND", "C", 62.99, 62.99, 40.16, 180],
		[103, "H5_6", 2305, -1805, "T", "DIP", "GND", "GND", "C", 62.99, 62.99, 40.16, 180],
		[104, "H5_6", 2305, -1805, "B", "DIP", "GND", "GND", "C", 62.99, 62.99, 40.16, 180],
		[105, "H6_1", 3228.35, -120, "T", "DIP", "EN", "", "R", 62.99, 62.99, 39.37, 270],
		[106, "H6_1", 3228.35, -120, "B", "DIP", "EN", "", "R", 62.99, 62.99, 39.37, 270],
		[107, "H6_2", 3228.35, -220, "T", "DIP", "VP", "", "C", 62.99, 62.99, 39.37, 270],
		[108, "H6_2", 3228.35, -220, "B", "DIP", "VP", "", "C", 62.99, 62.99, 39.37, 270],
		[109, "H6_3", 3228.35, -320, "T", "DIP", "VN", "", "C", 62.99, 62.99, 39.37, 270],
		[110, "H6_3", 3228.35, -320, "B", "DIP", "VN", "", "C", 62.99, 62.99, 39.37, 270],
		[111, "H6_4", 3228.35, -420, "T", "DIP", "D34", "", "C", 62.99, 62.99, 39.37, 270],
		[112, "H6_4", 3228.35, -420, "B", "DIP", "D34", "", "C", 62.99, 62.99, 39.37, 270],
		[113, "H6_5", 3228.35, -520, "T", "DIP", "D35", "", "C", 62.99, 62.99, 39.37, 270],
		[114, "H6_5", 3228.35, -520, "B", "DIP", "D35", "", "C", 62.99, 62.99, 39.37, 270],
		[115, "H6_6", 3228.35, -620, "T", "DIP", "D32", "", "C", 62.99, 62.99, 39.37, 270],
		[116, "H6_6", 3228.35, -620, "B", "DIP", "D32", "", "C", 62.99, 62.99, 39.37, 270],
		[117, "H6_7", 3228.35, -720, "T", "DIP", "D33", "", "C", 62.99, 62.99, 39.37, 270],
		[118, "H6_7", 3228.35, -720, "B", "DIP", "D33", "", "C", 62.99, 62.99, 39.37, 270],
		[119, "H6_8", 3228.35, -820, "T", "DIP", "D25", "", "C", 62.99, 62.99, 39.37, 270],
		[120, "H6_8", 3228.35, -820, "B", "DIP", "D25", "", "C", 62.99, 62.99, 39.37, 270],
		[121, "H6_9", 3228.35, -920, "T", "DIP", "D26", "", "C", 62.99, 62.99, 39.37, 270],
		[122, "H6_9", 3228.35, -920, "B", "DIP", "D26", "", "C", 62.99, 62.99, 39.37, 270],
		[123, "H6_10", 3228.35, -1020, "T", "DIP", "D27", "", "C", 62.99, 62.99, 39.37, 270],
		[124, "H6_10", 3228.35, -1020, "B", "DIP", "D27", "", "C", 62.99, 62.99, 39.37, 270],
		[125, "H6_11", 3228.35, -1120, "T", "DIP", "D22", "", "C", 62.99, 62.99, 39.37, 270],
		[126, "H6_11", 3228.35, -1120, "B", "DIP", "D22", "", "C", 62.99, 62.99, 39.37, 270],
		[127, "H6_12", 3228.35, -1220, "T", "DIP", "D5", "", "C", 62.99, 62.99, 39.37, 270],
		[128, "H6_12", 3228.35, -1220, "B", "DIP", "D5", "", "C", 62.99, 62.99, 39.37, 270],
		[129, "H6_13", 3228.35, -1320, "T", "DIP", "TX0", "", "C", 62.99, 62.99, 39.37, 270],
		[130, "H6_13", 3228.35, -1320, "B", "DIP", "TX0", "", "C", 62.99, 62.99, 39.37, 270],
		[131, "H6_14", 3228.35, -1420, "T", "DIP", "RX0", "", "C", 62.99, 62.99, 39.37, 270],
		[132, "H6_14", 3228.35, -1420, "B", "DIP", "RX0", "", "C", 62.99, 62.99, 39.37, 270],
		[133, "H6_15", 3228.35, -1520, "T", "DIP", "TX2", "", "C", 62.99, 62.99, 39.37, 270],
		[134, "H6_15", 3228.35, -1520, "B", "DIP", "TX2", "", "C", 62.99, 62.99, 39.37, 270],
		[135, "H6_16", 3228.35, -1620, "T", "DIP", "RX2", "", "C", 62.99, 62.99, 39.37, 270],
		[136, "H6_16", 3228.35, -1620, "B", "DIP", "RX2", "", "C", 62.99, 62.99, 39.37, 270],
		[137, "Q1_1", 820, -1910, "T", "DIP", "D14", "", "R", 35.4, 63, 27.6, 180],
		[138, "Q1_1", 820, -1910, "B", "DIP", "D14", "", "R", 35.4, 63, 27.6, 180],
		[139, "Q1_2", 770, -1910, "T", "DIP", "GND", "GND", "O", 35.4, 63, 27.6, 180],
		[140, "Q1_2", 770, -1910, "B", "DIP", "GND", "GND", "O", 35.4, 63, 27.6, 180],
		[141, "Q1_3", 720, -1910, "T", "DIP", "3V3", "", "O", 35.4, 63, 27.6, 180],
		[142, "Q1_3", 720, -1910, "B", "DIP", "3V3", "", "O", 35.4, 63, 27.6, 180],
		[143, "R1_1", 1380.83, -1707.52, "T", "DIP", "3V3", "", "C", 47.2, 47.2, 31.5, 0],
		[144, "R1_1", 1380.83, -1707.52, "B", "DIP", "3V3", "", "C", 47.2, 47.2, 31.5, 0],
		[145, "R1_2", 1664.23, -1707.52, "T", "DIP", "D12", "", "C", 47.2, 47.2, 31.5, 0],
		[146, "R1_2", 1664.23, -1707.52, "B", "DIP", "D12", "", "C", 47.2, 47.2, 31.5, 0],
		[147, "R2_1", 1380.83, -1947.52, "T", "DIP", "3V3", "", "C", 47.2, 47.2, 31.5, 0],
		[148, "R2_1", 1380.83, -1947.52, "B", "DIP", "3V3", "", "C", 47.2, 47.2, 31.5, 0],
		[149, "R2_2", 1664.23, -1947.52, "T", "DIP", "D13", "", "C", 47.2, 47.2, 31.5, 0],
		[150, "R2_2", 1664.23, -1947.52, "B", "DIP", "D13", "", "C", 47.2, 47.2, 31.5, 0],
		[151, "SW1_A", 1758.56, -1710, "T", "DIP", "D12", "", "C", 78.7, 78.7, 55.1, 90],
		[152, "SW1_A", 1758.56, -1710, "B", "DIP", "D12", "", "C", 78.7, 78.7, 55.1, 90],
		[153, "SW1_B", 2014.46, -1710, "T", "DIP", "GND", "GND", "C", 78.7, 78.7, 55.1, 90],
		[154, "SW1_B", 2014.46, -1710, "B", "DIP", "GND", "GND", "C", 78.7, 78.7, 55.1, 90],
		[155, "SW2_A", 1758.56, -1950, "T", "DIP", "D13", "", "C", 78.7, 78.7, 55.1, 90],
		[156, "SW2_A", 1758.56, -1950, "B", "DIP", "D13", "", "C", 78.7, 78.7, 55.1, 90],
		[157, "SW2_B", 2014.46, -1950, "T", "DIP", "GND", "GND", "C", 78.7, 78.7, 55.1, 90],
		[158, "SW2_B", 2014.46, -1950, "B", "DIP", "GND", "GND", "C", 78.7, 78.7, 55.1, 90]
	]
}
}